{
    "CamPitch": -1.2012585401535034,
    "CamPos": [
        -0.7188984155654907,
        4.308480262756348,
        -4.492796421051025
    ],
    "CamYaw": -70.79956817626953,
    "MapPath": "C:\\Projects\\2026\\ForwardWeGo\\assets\\maps\\level_003.map",
    "OrthoSize": 4.2352800369262695,
    "OrthoTarget": [
        -0.3860456943511963,
        0.0,
        -7.938106060028076
    ],
    "ViewMode": 2
}