{
    "CamPitch": -1.0157898664474487,
    "CamPos": [
        -1.3141391277313232,
        7.156286716461182,
        -9.583571434020996
    ],
    "CamYaw": -38.51234436035156,
    "MapPath": "C:\\Projects\\2026\\ForwardWeGo\\assets\\maps\\level_003.map",
    "OrthoSize": 10.0,
    "OrthoTarget": [
        0.0,
        0.0,
        0.0
    ],
    "ViewMode": 3
}