{
    "CamPitch": -1.4176794290542603,
    "CamPos": [
        -1.2431576251983643,
        8.950700759887695,
        -8.424734115600586
    ],
    "CamYaw": -64.4778060913086,
    "MapPath": "C:\\Projects\\2026\\ForwardWeGo\\assets\\maps\\level_003.map",
    "OrthoSize": 3.874204158782959,
    "OrthoTarget": [
        -3.1322813034057617,
        0.0,
        -11.850018501281738
    ],
    "ViewMode": 3
}