{
    "CamPitch": -1.1763561964035034,
    "CamPos": [
        0.5386154055595398,
        6.6451215744018555,
        -9.03519344329834
    ],
    "CamYaw": -26.61785888671875,
    "MapPath": "C:\\Projects\\2026\\ForwardWeGo\\assets\\maps\\level_003.map",
    "OrthoSize": 10.0,
    "OrthoTarget": [
        0.0,
        0.0,
        0.0
    ],
    "ViewMode": 3
}