{
    "CamPitch": -0.7928449511528015,
    "CamPos": [
        -5.861580848693848,
        7.675658702850342,
        -7.909642696380615
    ],
    "CamYaw": -147.34068298339844,
    "MapPath": "C:\\Projects\\2026\\ForwardWeGo\\assets\\maps\\game\\game-level-004.map",
    "OrthoSize": 31.4044189453125,
    "OrthoTarget": [
        -7.952516555786133,
        0.030145958065986633,
        -2.4464111328125
    ],
    "RenderMode": 1,
    "SelectionMode": 2,
    "Snap": true,
    "SnapSize": 1.0,
    "ViewMode": 2
}