{
    "CamPitch": -1.2745609283447266,
    "CamPos": [
        1.8748137950897217,
        6.666158676147461,
        -6.145166873931885
    ],
    "CamYaw": -72.32669830322266,
    "MapPath": "C:\\Projects\\2026\\ForwardWeGo\\assets\\maps\\level_003.map",
    "OrthoSize": 3.7215452194213867,
    "OrthoTarget": [
        -2.3983566761016846,
        0.0,
        -8.698751449584961
    ],
    "ViewMode": 2
}