{
    "CamPitch": -0.19420212507247925,
    "CamPos": [
        -0.06364279240369797,
        3.1324050426483154,
        -5.8010993003845215
    ],
    "CamYaw": -70.22879791259766,
    "MapPath": "C:\\Projects\\2026\\ForwardWeGo\\assets\\maps\\level_003.map",
    "OrthoSize": 9.838799476623535,
    "OrthoTarget": [
        -0.3860456943511963,
        0.0,
        -7.938106060028076
    ],
    "ViewMode": 3
}