{
    "CamPitch": -0.6353005766868591,
    "CamPos": [
        -2.260671615600586,
        4.914691925048828,
        -6.051232814788818
    ],
    "CamYaw": -0.5689759850502014,
    "MapPath": "assets/maps/level_002.map",
    "OrthoSize": 10.0,
    "OrthoTarget": [
        0.0,
        0.0,
        0.0
    ],
    "ViewMode": 3
}