{
    "CamPitch": -1.150176763534546,
    "CamPos": [
        3.1382973194122314,
        9.752164840698242,
        -10.638565063476563
    ],
    "CamYaw": -60.397151947021484,
    "MapPath": "C:\\Projects\\2026\\ForwardWeGo\\assets\\maps\\level_003.map",
    "OrthoSize": 3.874204158782959,
    "OrthoTarget": [
        -3.1322813034057617,
        0.0,
        -11.850018501281738
    ],
    "ViewMode": 3
}