{
    "CamPitch": 0.0,
    "CamPos": [
        0.0,
        0.0,
        3.0
    ],
    "CamYaw": -1.5707963705062866,
    "MapPath": "C:\\Projects\\2026\\ForwardWeGo\\assets\\maps\\level_003.map",
    "OrthoSize": 10.0,
    "OrthoTarget": [
        -3.1666665077209473,
        0.0,
        -11.277777671813965
    ],
    "ViewMode": 2
}