{
    "CamPitch": -0.8591738939285278,
    "CamPos": [
        1.736160397529602,
        5.9993414878845215,
        -15.028441429138184
    ],
    "CamYaw": -74.43689727783203,
    "MapPath": "C:\\Projects\\2026\\ForwardWeGo\\assets\\maps\\level_003.map",
    "OrthoSize": 9.838799476623535,
    "OrthoTarget": [
        -0.3860456943511963,
        0.0,
        -7.938106060028076
    ],
    "ViewMode": 3
}