{
    "CamPitch": -1.0157824754714966,
    "CamPos": [
        -5.1441497802734375,
        12.196224212646484,
        -10.139442443847656
    ],
    "CamYaw": -1.181588053703308,
    "MapPath": "C:\\Projects\\2026\\ForwardWeGo\\assets\\maps\\level_003.map",
    "OrthoSize": 10.0,
    "OrthoTarget": [
        0.0,
        0.0,
        0.0
    ],
    "ViewMode": 3
}