{
    "CamPitch": -0.19594886898994446,
    "CamPos": [
        -0.9768823385238647,
        2.3530044555664063,
        -5.822516441345215
    ],
    "CamYaw": -69.65983581542969,
    "MapPath": "C:\\Projects\\2026\\ForwardWeGo\\assets\\maps\\game\\game-level-001.map",
    "OrthoSize": 11.831348419189453,
    "OrthoTarget": [
        -8.688420295715332,
        2.0435714721679688,
        -0.6195734739303589
    ],
    "ViewMode": 2
}