{
    "CamPitch": -0.6981393694877625,
    "CamPos": [
        -1.0584579706192017,
        3.7457010746002197,
        -10.065486907958984
    ],
    "CamYaw": -40.797080993652344,
    "MapPath": "C:\\Projects\\2026\\ForwardWeGo\\assets\\maps\\level_003.map",
    "OrthoSize": 10.0,
    "OrthoTarget": [
        0.0,
        0.0,
        0.0
    ],
    "ViewMode": 3
}