{
    "CamPitch": -0.5183626413345337,
    "CamPos": [
        0.48711103200912476,
        2.62933087348938,
        -5.622170925140381
    ],
    "CamYaw": -4.712391376495361,
    "MapPath": "C:\\Projects\\2026\\ForwardWeGo\\assets\\maps\\level_003.map",
    "OrthoSize": 10.0,
    "OrthoTarget": [
        0.0,
        0.0,
        0.0
    ],
    "ViewMode": 3
}