{
    "CamPitch": 0.07330373674631119,
    "CamPos": [
        17.430538177490234,
        -0.20706726610660553,
        6.697307109832764
    ],
    "CamYaw": -27.544647216796875,
    "MapPath": "C:\\Projects\\2026\\ForwardWeGo\\assets\\maps\\level_003.map",
    "OrthoSize": 10.0,
    "OrthoTarget": [
        0.0,
        0.0,
        0.0
    ],
    "ViewMode": 3
}