{
    "CamPitch": -0.09994785487651825,
    "CamPos": [
        -5.60108757019043,
        8.633748054504395,
        -16.312576293945313
    ],
    "CamYaw": -191.63577270507813,
    "MapPath": "C:\\Projects\\2026\\ForwardWeGo\\assets\\maps\\game\\game-level-006.map",
    "OrthoSize": 59.34984588623047,
    "OrthoTarget": [
        -0.7031133770942688,
        6.246665954589844,
        -14.215307235717773
    ],
    "RenderMode": 1,
    "SelectionMode": 1,
    "Snap": true,
    "SnapSize": 1.0,
    "ViewMode": 2
}