{
    "CamPitch": -0.7923840284347534,
    "CamPos": [
        1.1013779640197754,
        5.554418087005615,
        -9.997950553894043
    ],
    "CamYaw": -60.29240798950195,
    "MapPath": "C:\\Projects\\2026\\ForwardWeGo\\assets\\maps\\level_003.map",
    "OrthoSize": 3.874204158782959,
    "OrthoTarget": [
        -3.1322813034057617,
        0.0,
        -11.850018501281738
    ],
    "ViewMode": 3
}