{
    "CamPitch": -0.5550146102905273,
    "CamPos": [
        -2.02536940574646,
        4.769402980804443,
        -9.608579635620117
    ],
    "CamYaw": -13.798571586608887,
    "MapPath": "C:\\Projects\\2026\\ForwardWeGo\\assets\\maps\\level_003.map",
    "OrthoSize": 10.0,
    "OrthoTarget": [
        0.0,
        0.0,
        0.0
    ],
    "ViewMode": 3
}