{
    "CamPitch": -0.3246309459209442,
    "CamPos": [
        1.06451416015625,
        3.9252829551696777,
        -4.729876518249512
    ],
    "CamYaw": -36.47542953491211,
    "MapPath": "C:\\Projects\\2026\\ForwardWeGo\\assets\\maps\\level_003.map",
    "OrthoSize": 10.0,
    "OrthoTarget": [
        0.0,
        0.0,
        0.0
    ],
    "ViewMode": 3
}