{
    "CamPitch": -0.8953609466552734,
    "CamPos": [
        -2.8640944957733154,
        6.658747673034668,
        -8.013381004333496
    ],
    "CamYaw": -38.515830993652344,
    "MapPath": "C:\\Projects\\2026\\ForwardWeGo\\assets\\maps\\level_003.map",
    "OrthoSize": 10.0,
    "OrthoTarget": [
        0.0,
        0.0,
        0.0
    ],
    "ViewMode": 3
}