{
    "CamPitch": -0.32987311482429504,
    "CamPos": [
        -1.869462013244629,
        2.3314619064331055,
        -9.512656211853027
    ],
    "CamYaw": -38.761959075927734,
    "MapPath": "C:\\Projects\\2026\\ForwardWeGo\\assets\\maps\\level_003.map",
    "OrthoSize": 10.0,
    "OrthoTarget": [
        0.0,
        0.0,
        0.0
    ],
    "ViewMode": 3
}