{
    "CamPitch": -1.4770193099975586,
    "CamPos": [
        3.660163640975952,
        5.693301677703857,
        -5.946781635284424
    ],
    "CamYaw": -71.85372161865234,
    "MapPath": "C:\\Projects\\2026\\ForwardWeGo\\assets\\maps\\level_002.map",
    "OrthoSize": 9.838799476623535,
    "OrthoTarget": [
        -0.3860456943511963,
        0.0,
        -7.938106060028076
    ],
    "ViewMode": 3
}