{
    "CamPitch": -0.5270890593528748,
    "CamPos": [
        0.7183146476745605,
        2.576974630355835,
        -11.031820297241211
    ],
    "CamYaw": -0.13962578773498535,
    "MapPath": "C:\\Projects\\2026\\ForwardWeGo\\assets\\maps\\level_003.map",
    "OrthoSize": 10.0,
    "OrthoTarget": [
        -3.1666665077209473,
        0.0,
        -11.277777671813965
    ],
    "ViewMode": 3
}