{
    "CamPitch": -0.6736974716186523,
    "CamPos": [
        -0.03824391961097717,
        5.771414756774902,
        -10.195653915405273
    ],
    "CamYaw": -3.1031956672668457,
    "MapPath": "C:\\Projects\\2026\\ForwardWeGo\\assets\\maps\\level_003.map",
    "OrthoSize": 10.0,
    "OrthoTarget": [
        0.0,
        0.0,
        0.0
    ],
    "ViewMode": 3
}