{
    "CamPitch": -0.7068660259246826,
    "CamPos": [
        -1.4353132247924805,
        5.209526538848877,
        -6.854007244110107
    ],
    "CamYaw": -39.15816116333008,
    "MapPath": "C:\\Projects\\2026\\ForwardWeGo\\assets\\maps\\level_003.map",
    "OrthoSize": 10.0,
    "OrthoTarget": [
        0.0,
        0.0,
        0.0
    ],
    "ViewMode": 3
}