{
    "CamPitch": -0.921535313129425,
    "CamPos": [
        -1.2100268602371216,
        9.216986656188965,
        -6.008668422698975
    ],
    "CamYaw": -26.178050994873047,
    "MapPath": "C:\\Projects\\2026\\ForwardWeGo\\assets\\maps\\level_003.map",
    "OrthoSize": 10.0,
    "OrthoTarget": [
        0.0,
        0.0,
        0.0
    ],
    "ViewMode": 3
}