{
    "CamPitch": -0.8080878257751465,
    "CamPos": [
        -1.2329087257385254,
        7.500799655914307,
        -9.308608055114746
    ],
    "CamYaw": -1.8832108974456787,
    "MapPath": "C:\\Projects\\2026\\ForwardWeGo\\assets\\maps\\level_003.map",
    "OrthoSize": 10.0,
    "OrthoTarget": [
        0.0,
        0.0,
        0.0
    ],
    "ViewMode": 3
}