{
    "CamPitch": -0.8609198331832886,
    "CamPos": [
        3.9165046215057373,
        5.542052268981934,
        -3.643378496170044
    ],
    "CamYaw": -72.96730041503906,
    "MapPath": "C:\\Projects\\2026\\ForwardWeGo\\assets\\maps\\game\\game-level-001.map",
    "OrthoSize": 11.479945182800293,
    "OrthoTarget": [
        -7.7899274826049805,
        2.0435714721679688,
        -2.996985912322998
    ],
    "ViewMode": 3
}