{
    "CamPitch": -0.8853464722633362,
    "CamPos": [
        -2.892838716506958,
        12.124709129333496,
        -12.006617546081543
    ],
    "CamYaw": -166.4415740966797,
    "MapPath": "C:\\Projects\\2026\\ForwardWeGo\\assets\\maps\\game\\game-level-005.map",
    "OrthoSize": 29.785123825073242,
    "OrthoTarget": [
        -11.49073600769043,
        4.981228828430176,
        -13.144609451293945
    ],
    "RenderMode": 1,
    "SelectionMode": 1,
    "Snap": true,
    "SnapSize": 1.0,
    "ViewMode": 2
}