{
    "CamPitch": -0.7278098464012146,
    "CamPos": [
        -1.0420209169387817,
        4.905197620391846,
        -7.964559555053711
    ],
    "CamYaw": -38.9312744140625,
    "MapPath": "C:\\Projects\\2026\\ForwardWeGo\\assets\\maps\\level_003.map",
    "OrthoSize": 10.0,
    "OrthoTarget": [
        0.0,
        0.0,
        0.0
    ],
    "ViewMode": 3
}